tournament,year,level,gender,best_of,draw,bracket,byes,seeds,seeds_issued_max,replacements,seeds_seen,seeds_withdrawn,plausible,draw_complete,matches,cancelled
"ATP Cincinnati, USA Men Singles",2026,atp_1000,men,3,96,128,32,32,32,0,32,,True,True,95,2
"ATP Indian Wells, USA Men Singles",2026,atp_1000,men,3,96,128,32,32,32,0,32,,True,True,95,1
"ATP Madrid, Spain Men Singles",2026,atp_1000,men,3,96,128,32,32,33,1,32,24,True,True,95,3
"ATP Miami, USA Men Singles",2026,atp_1000,men,3,96,128,32,32,32,0,31,4,True,True,95,1
"ATP Monte Carlo, Monaco Men Singles",2026,atp_1000,men,3,56,64,8,16,16,0,15,14,True,True,55,3
"ATP Montreal, Canada Men Singles",2026,atp_1000,men,3,96,128,32,32,32,0,31,2,True,True,95,1
"ATP Paris, France Men Singles",2025,atp_1000,men,3,56,64,8,16,15,0,15,,True,True,55,3
"ATP Rome, Italy Men Singles",2026,atp_1000,men,3,96,128,32,32,32,0,30,14 22,True,True,95,2
"ATP Shanghai, China Men Singles",2025,atp_1000,men,3,96,128,32,32,33,1,31,1 24,True,True,95,2
"ATP Adelaide, Australia Men Singles",2026,atp_250,men,3,28,32,4,8,8,0,7,6,True,True,27,1
"ATP Almaty, Kazakhstan Men Singles",2025,atp_250,men,3,28,32,4,8,8,0,8,,True,True,27,1
"ATP Athens, Greece Men Singles",2025,atp_250,men,3,28,32,4,8,7,0,7,,True,True,27,1
"ATP Auckland, New Zealand Men Singles",2026,atp_250,men,3,28,32,4,8,8,0,8,,True,True,27,0
"ATP Bastad, Sweden Men Singles",2026,atp_250,men,3,28,32,4,8,8,0,8,,True,True,27,0
"ATP Brisbane, Australia Men Singles",2026,atp_250,men,3,32,32,0,8,8,0,7,6,True,True,31,2
"ATP Brussels, Belgium Singles",2025,atp_250,men,3,28,32,4,8,8,0,8,,True,True,27,1
"ATP Bucharest, Romania Men Singles",2026,atp_250,men,3,28,32,4,8,8,0,8,,True,True,27,1
"ATP Buenos Aires, Argentina Men Singles",2026,atp_250,men,3,28,32,4,8,8,0,8,,True,True,27,1
"ATP Chengdu, China Men Singles",2025,atp_250,men,3,28,32,4,8,8,0,7,7,True,True,27,1
"ATP Delray Beach, USA Men Singles",2026,atp_250,men,3,28,32,4,8,8,0,8,,True,True,27,1
"ATP Eastbourne, Great Britain Men Singles",2026,atp_250,men,3,28,32,4,8,8,0,4,1 2 3 5,True,True,27,5
"ATP Estoril, Portugal Men Singles",2026,atp_250,men,3,28,32,4,8,8,0,8,,True,True,27,2
"ATP Geneva, Switzerland Men Singles",2026,atp_250,men,3,28,32,4,8,8,0,7,7,True,True,27,2
"ATP Gstaad, Switzerland Men Singles",2026,atp_250,men,3,28,32,4,8,8,0,8,,True,True,27,0
"ATP Hangzhou, China Men Singles",2025,atp_250,men,3,28,32,4,8,8,0,8,,True,True,27,1
"ATP Hong Kong, Hong Kong Men Singles",2026,atp_250,men,3,28,32,4,8,8,0,8,,True,True,27,0
"ATP Houston, USA Men Singles",2026,atp_250,men,3,28,32,4,8,8,0,8,,True,True,27,0
"ATP Kitzbuhel, Austria Men Singles",2026,atp_250,men,3,28,32,4,8,8,0,8,,True,True,27,0
"ATP Los Cabos, Mexico Men Singles",2026,atp_250,men,3,28,32,4,8,8,0,8,,True,True,27,1
"ATP Mallorca, Spain Men Singles",2026,atp_250,men,3,28,32,4,8,8,0,7,3,True,True,27,4
"ATP Marrakech, Morocco Men Singles",2026,atp_250,men,3,28,32,4,8,8,0,8,,True,True,27,0
"ATP Metz, France Men Singles",2025,atp_250,men,3,28,32,4,8,8,0,5,1 2 5,True,True,27,2
"ATP Montpellier, France Men Singles",2026,atp_250,men,3,28,32,4,8,8,0,8,,True,True,27,1
"ATP S-Hertogenbosch, Netherlands Men Singles",2026,atp_250,men,3,28,32,4,8,8,0,8,,True,True,27,0
"ATP Santiago, Chile Men Singles",2026,atp_250,men,3,28,32,4,8,8,0,7,5,True,True,27,1
"ATP Stockholm, Sweden Men Singles",2025,atp_250,men,3,28,32,4,8,8,0,8,,True,True,27,0
"ATP Stuttgart, Germany Men Singles",2026,atp_250,men,3,28,32,4,8,8,0,7,5,True,True,27,1
"ATP Umag, Croatia Men Singles",2026,atp_250,men,3,28,32,4,8,8,0,7,6,True,True,27,1
"ATP Winston Salem, USA Men Singles",2025,atp_250,men,3,17,32,15,,14,,10,1 2 6 7,False,True,16,0
"ATP Winston Salem, USA Men Singles",2026,atp_250,men,3,,,,,16,,16,,False,False,42,4
"ATP Acapulco, Mexico Men Singles",2026,atp_500,men,3,32,32,0,8,8,0,8,,True,True,31,2
"ATP Barcelona, Spain Men Singles",2026,atp_500,men,3,32,32,0,8,9,1,8,6,True,True,31,2
"ATP Basel, Switzerland Men Singles",2025,atp_500,men,3,32,32,0,8,9,1,8,3,True,True,31,3
"ATP Beijing, China Men Singles",2025,atp_500,men,3,32,32,0,8,8,0,8,,True,True,31,1
"ATP Dallas, USA Men Singles",2026,atp_500,men,3,32,32,0,8,8,0,8,,True,True,31,1
"ATP Doha, Qatar Men Singles",2026,atp_500,men,3,32,32,0,8,8,0,7,3,True,True,31,2
"ATP Dubai, UAE Men Singles",2026,atp_500,men,3,32,32,0,8,8,0,8,,True,True,31,2
"ATP Halle, Germany Men Singles",2026,atp_500,men,3,32,32,0,8,8,0,8,,True,True,31,1
"ATP Hamburg, Germany Men Singles",2026,atp_500,men,3,32,32,0,8,8,0,8,,True,True,31,3
"ATP London, Great Britain Men Singles",2026,atp_500,men,3,32,32,0,8,8,0,7,5,True,True,31,3
"ATP Munich, Germany Men Singles",2026,atp_500,men,3,32,32,0,8,8,0,8,,True,True,31,3
"ATP Rio de Janeiro, Brazil Men Singles",2026,atp_500,men,3,32,32,0,8,8,0,7,6,True,True,31,4
"ATP Rotterdam, Netherlands Men Singles",2026,atp_500,men,3,32,32,0,8,8,0,8,,True,True,31,2
"ATP Tokyo, Japan Men Singles",2025,atp_500,men,3,32,32,0,8,8,0,8,,True,True,31,0
"ATP Vienna, Austria Men Singles",2025,atp_500,men,3,32,32,0,8,8,0,8,,True,True,31,1
"ATP Washington, USA Men Singles",2026,atp_500,men,3,33,32,-1,,8,,8,,False,True,32,1
Next Gen ATP Finals Men Singles,2025,atp_next_generation,men,5,,,,,7,,7,,False,False,15,0
ATP World Tour Finals Men Singles,2025,atp_world_tour_finals,men,3,,,,,9,,8,4,False,False,15,3
Australian Open Men Singles,2026,grand_slam,men,5,128,128,0,32,32,0,32,,True,True,127,2
Australian Open Women Singles,2026,grand_slam,women,3,128,128,0,32,31,0,31,,True,True,127,1
French Open Men Singles,2026,grand_slam,men,5,128,128,0,32,32,0,31,17,True,True,127,2
French Open Women Singles,2026,grand_slam,women,3,128,128,0,32,32,0,32,,True,True,127,0
"Juniors French Open, Paris, France Men Singles",2026,grand_slam,men,3,64,64,0,16,16,0,16,,True,True,63,0
"Juniors French Open, Paris, France Women Singles",2026,grand_slam,women,3,64,64,0,16,16,0,16,,True,True,63,0
"Juniors US Open, New York, USA Men Singles",2024,grand_slam,men,3,,,,,16,,12,4 6 8 9,False,False,24,0
"Juniors US Open, New York, USA Men Singles",2025,grand_slam,men,3,64,64,0,16,16,0,16,,True,True,63,0
"Juniors US Open, New York, USA Women Singles",2024,grand_slam,women,3,,,,,16,,13,5 6 8,False,False,24,0
"Juniors US Open, New York, USA Women Singles",2025,grand_slam,women,3,64,64,0,16,16,0,16,,True,True,63,0
"Juniors Wimbledon, London, GB Men Singles",2026,grand_slam,men,3,64,64,0,16,16,0,16,,True,True,63,0
"Juniors Wimbledon, London, GB Women Singles",2026,grand_slam,women,3,64,64,0,16,16,0,16,,True,True,63,1
US Open Men Singles,2024,grand_slam,men,5,,,,,31,,9,1 2 3 7 10 11 13 14 15 16 17 18 19 21 22 23 24 25 26 27 29 30,False,False,5,0
US Open Men Singles,2025,grand_slam,men,5,128,128,0,32,32,0,32,,True,True,127,1
US Open Women Singles,2024,grand_slam,women,3,,,,,33,,7,1 4 5 6 7 8 9 10 11 12 14 16 17 18 19 20 21 23 24 25 27 28 29 30 31 32,False,False,4,0
US Open Women Singles,2025,grand_slam,women,3,128,128,0,32,32,0,32,,True,True,127,1
"Wheelchairs French Open, Paris, France Men Singles",2026,grand_slam,men,3,,,,,4,,4,,False,False,22,0
"Wheelchairs Juniors French Open, Paris, France Boys Singles",2026,grand_slam,men,3,4,4,0,,2,,2,,False,True,3,0
"Wheelchairs Juniors French Open, Paris, France Girls Singles",2026,grand_slam,women,3,4,4,0,,2,,2,,False,True,3,0
"Wheelchairs Juniors US Open, New York, USA Men Singles",2025,grand_slam,men,3,8,8,0,,2,,2,,False,True,7,0
"Wheelchairs Juniors US Open, New York, USA Women Singles",2025,grand_slam,women,3,8,8,0,,2,,2,,False,True,7,0
"Wheelchairs US Open, New York, USA Men Singles",2025,grand_slam,men,3,,,,,4,,4,,False,False,30,0
"Wheelchairs US Open, New York, USA Women Singles",2025,grand_slam,women,3,16,16,0,4,4,0,4,,True,True,15,0
"Wheelchairs Wimbledon, London, GB Men Singles",2026,grand_slam,men,3,,,,,4,,4,,False,False,22,0
"Wheelchairs Wimbledon, London, GB Women Singles",2026,grand_slam,women,3,16,16,0,4,4,0,4,,True,True,15,0
Wimbledon Men Singles,2026,grand_slam,men,5,128,128,0,32,32,0,32,,True,True,127,2
Wimbledon Women Singles,2026,grand_slam,women,3,128,128,0,32,32,0,31,30,True,True,127,1
"WTA Beijing, China Women Singles",2025,wta_1000,women,3,96,128,32,32,33,1,32,11,True,True,95,2
"WTA Cincinnati, USA Women Singles",2026,wta_1000,women,3,96,128,32,32,33,1,32,11,True,True,95,1
"WTA Doha, Qatar Women Singles",2026,wta_1000,women,3,56,64,8,16,16,0,16,,True,True,55,4
"WTA Dubai, UAE Women Singles",2026,wta_1000,women,3,56,64,8,16,16,0,14,11 15,True,True,55,5
"WTA Indian Wells, USA Women Singles",2026,wta_1000,women,3,96,128,32,32,32,0,32,,True,True,95,1
"WTA Madrid, Spain Women Singles",2026,wta_1000,women,3,96,128,32,32,34,2,30,6 12 16 17,True,True,95,4
"WTA Miami, USA Women Singles",2026,wta_1000,women,3,96,128,32,32,34,2,32,24 28,True,True,95,5
"WTA Rome, Italy Women Singles",2026,wta_1000,women,3,96,128,32,32,33,1,29,6 10 23 27,True,True,95,2
"WTA Toronto, Canada Women Singles",2026,wta_1000,women,3,96,128,32,32,32,0,32,,True,True,95,0
"WTA Wuhan, China Women Singles",2025,wta_1000,women,3,56,64,8,16,16,0,15,4,True,True,55,1
"WTA Athens, Greece Women Singles",2026,wta_250,women,3,32,32,0,8,8,0,8,,True,True,31,1
"WTA Auckland, New Zealand Women Singles",2026,wta_250,women,3,32,32,0,8,8,0,8,,True,True,31,0
"WTA Austin, USA Women Singles",2026,wta_250,women,3,32,32,0,8,8,0,6,1 5,True,True,31,2
"WTA Bogota, Colombia Women Singles",2026,wta_250,women,3,32,32,0,8,8,0,8,,True,True,31,0
"WTA Chennai, India, Women Singles",2025,wta_250,women,3,32,32,0,8,9,1,7,6 8,True,True,31,4
"WTA Cleveland, USA Women Singles",2025,wta_250,women,3,14,16,2,,7,,3,3 4 5 6,False,True,13,0
"WTA Cluj Napoca, Romania Women Singles",2026,wta_250,women,3,32,32,0,8,8,0,8,,True,True,31,1
"WTA Eastbourne, Great Britain Women Singles",2026,wta_250,women,3,32,32,0,8,8,0,8,,True,True,31,1
"WTA Guangzhou, China Women Singles",2025,wta_250,women,3,32,32,0,8,8,0,8,,True,True,31,1
"WTA Hamburg, Germany Women Singles",2026,wta_250,women,3,32,32,0,8,8,0,8,,True,True,31,0
"WTA Hobart, Australia Women Singles",2026,wta_250,women,3,32,32,0,8,8,0,8,,True,True,31,0
"WTA Hong Kong, Hong Kong Women Singles",2025,wta_250,women,3,32,32,0,8,8,0,8,,True,True,31,0
"WTA Iasi, Romania Women Singles",2026,wta_250,women,3,32,32,0,8,9,1,8,1,True,True,31,3
"WTA Jiujiang, China Women Singles",2025,wta_250,women,3,32,32,0,8,8,0,8,,True,True,31,0
"WTA Memphis, USA Women Singles",2026,wta_250,women,3,32,32,0,8,8,0,8,,True,True,31,0
"WTA Nottingham, Great Britain Women Singles",2026,wta_250,women,3,32,32,0,8,11,3,8,1 7 10,True,True,31,7
"WTA Osaka, Japan Women Singles",2025,wta_250,women,3,32,32,0,8,8,0,8,,True,True,31,0
"WTA Ostrava, Czech Republic Women Singles",2026,wta_250,women,3,30,32,2,8,8,0,8,,True,True,29,0
"WTA Prague, Czech Republic Women Singles",2026,wta_250,women,3,32,32,0,8,8,0,8,,True,True,31,2
"WTA Rabat, Morocco Women Singles",2026,wta_250,women,3,32,32,0,8,8,0,8,,True,True,31,0
"WTA Rouen, France Women Singles",2026,wta_250,women,3,32,32,0,8,9,1,7,6 8,True,True,31,4
"WTA S-Hertogenbosch, Netherlands Women Singles",2026,wta_250,women,3,32,32,0,8,8,0,8,,True,True,31,0
"WTA Sao Paulo, Brazil Women, Singles",2025,wta_250,women,3,32,32,0,8,8,0,8,,True,True,31,0
"WTA Seoul, Korea Republic Women Singles",2025,wta_250,women,3,28,32,4,8,8,0,8,,True,True,27,1
"Berlin, Germany Women Singles",2026,wta_500,women,3,28,32,4,8,9,1,8,4,True,True,27,1
"WTA Abu Dhabi, UAE Women Singles",2026,wta_500,women,3,28,32,4,8,8,0,7,1,True,True,27,3
"WTA Adelaide 1, Australia Women Singles",2026,wta_500,women,3,30,32,2,8,8,0,7,1,True,True,29,3
"WTA Bad Homburg, Germany Women Singles",2026,wta_500,women,3,28,32,4,8,7,0,7,,True,True,27,1
"WTA Brisbane, Australia Women Singles",2026,wta_500,women,3,48,64,16,16,16,0,16,,True,True,47,1
"WTA Charleston, USA Women Singles",2026,wta_500,women,3,48,64,16,16,17,1,15,2 6,True,True,47,3
"WTA Guadalajara, Mexico Women Singles",2025,wta_500,women,3,28,32,4,8,8,0,8,,True,True,27,0
"WTA Linz, Austria Women Singles",2026,wta_500,women,3,28,32,4,8,7,0,7,,True,True,27,1
"WTA London, Great Britain Women Singles",2026,wta_500,women,3,28,32,4,,17,,6,4 5 7 9 10 11 12 13 14 15 16,False,True,27,2
"WTA Merida, Mexico Women Singles",2026,wta_500,women,3,28,32,4,8,8,0,7,1,True,True,27,1
"WTA Monterrey, Mexico Women Singles",2025,wta_500,women,3,19,32,13,,7,,7,,False,True,18,0
"WTA Monterrey, Mexico Women Singles",2026,wta_500,women,3,,,,,8,,5,1 3 4,False,False,18,2
"WTA Ningbo, China Women Singles",2025,wta_500,women,3,28,32,4,8,8,0,8,,True,True,27,1
"WTA Strasbourg, France Women Singles",2026,wta_500,women,3,28,32,4,8,8,0,7,5,True,True,27,1
"WTA Stuttgart, Germany Women Singles",2026,wta_500,women,3,28,32,4,8,8,0,8,,True,True,27,1
"WTA Tokyo, Japan Women Singles",2025,wta_500,women,3,28,32,4,8,9,1,7,1 4,True,True,27,4
"WTA Washington, USA Women Singles",2026,wta_500,women,3,28,32,4,8,8,0,8,,True,True,27,0
WTA Finals Women Singles,2025,wta_championships,women,3,,,,,8,,7,7,False,False,15,1
