step,match_date,competition,round,role,opponent,predictor,weight,target,predicted,error,srv_at_time,implied_srv,grad_contribution
178,20250826,US Open Men Singles,round_of_128,returner,Reilly Opelka,return_pts_win_rate,1.0,0.20238095238095238,0.38460010290145874,0.18221915052050636,5.0,19.0709810256958,-0.004719476215541363
179,20250826,US Open Men Singles,round_of_128,server,Reilly Opelka,first_serve_pts_win_rate,0.5,0.8620689655172413,0.7183160185813904,-0.14375294693585094,5.638598442077637,20.013895988464355,-0.0014375293394550681
179,20250826,US Open Men Singles,round_of_128,server,Reilly Opelka,second_serve_pts_win_rate,1.0,0.6538461538461539,0.5183159708976746,-0.1355301829484793,5.638598442077637,19.191617012023926,-0.0027106034103780985
179,20250826,US Open Men Singles,round_of_128,server,Reilly Opelka,break_pts_save_rate,0.5,1.0,0.6251558065414429,-0.37484419345855713,5.638598442077637,34.54134559631348,-0.0048614125698804855
179,20250826,US Open Men Singles,round_of_128,server,Reilly Opelka,first_serve_in_rate,1.0,0.6904761904761905,0.6458562016487122,-0.04461998882747831,5.638598442077637,8.263306140899658,-0.0015170793049037457
179,20250826,US Open Men Singles,round_of_128,server,Reilly Opelka,ace_rate,0.5,0.047619047619047616,0.07319299131631851,0.025573943697270896,5.638598442077637,0.5238089859485626,0.0001278697163797915
241,20250827,US Open Men Singles,round_of_64,returner,Mattia Bellucci,return_pts_win_rate,1.0,0.22413793103448276,0.3612692952156067,0.13713136418112393,6.221658229827881,16.78010845184326,-0.0035620778799057007
242,20250827,US Open Men Singles,round_of_64,server,Mattia Bellucci,first_serve_pts_win_rate,0.5,0.8571428571428571,0.7254256010055542,-0.1317172561373029,6.445836067199707,19.617560386657715,-0.0013171726604923606
242,20250827,US Open Men Singles,round_of_64,server,Mattia Bellucci,second_serve_pts_win_rate,1.0,0.6521739130434783,0.5254254937171936,-0.12674841932628467,6.445836067199707,19.1206693649292,-0.00253496877849102
242,20250827,US Open Men Singles,round_of_64,server,Mattia Bellucci,first_serve_in_rate,1.0,0.603448275862069,0.6595792174339294,0.05613094157186049,6.445836067199707,3.1440168619155884,0.0019084522500634193
242,20250827,US Open Men Singles,round_of_64,server,Mattia Bellucci,ace_rate,0.5,0.1206896551724138,0.07722918689250946,-0.04346046827990434,6.445836067199707,15.13793134689331,-0.00021730232401750982
279,20250829,US Open Men Singles,round_of_32,returner,Luciano Darderi,return_pts_win_rate,1.0,0.2857142857142857,0.3596872091293335,0.0739729234150478,6.57985782623291,12.272786617279053,-0.001922382740303874
280,20250829,US Open Men Singles,round_of_32,server,Luciano Darderi,first_serve_pts_win_rate,0.5,0.8297872340425532,0.7145278453826904,-0.11525938865986274,6.707376003265381,18.23331356048584,-0.0011525941081345081
280,20250829,US Open Men Singles,round_of_32,server,Luciano Darderi,second_serve_pts_win_rate,1.0,0.6190476190476191,0.5145277976989746,-0.10451982134864446,6.707376003265381,17.159354209899902,-0.002090396825224161
280,20250829,US Open Men Singles,round_of_32,server,Luciano Darderi,break_pts_save_rate,0.5,0.6666666666666666,0.6265555024147034,-0.04011116425196326,6.707376003265381,9.793758869171143,-0.0005212924443185329
280,20250829,US Open Men Singles,round_of_32,server,Luciano Darderi,first_serve_in_rate,1.0,0.6714285714285714,0.6640254259109497,-0.007403145517621668,6.707376003265381,7.142857313156128,-0.0002517066022846848
280,20250829,US Open Men Singles,round_of_32,server,Luciano Darderi,ace_rate,0.5,0.12857142857142856,0.07853688299655914,-0.050034545574869416,6.707376003265381,16.714285850524902,-0.000250172772211954
313,20250902,US Open Men Singles,quarterfinal,returner,Jiri Lehecka,return_pts_win_rate,1.0,0.19718309859154928,0.36824285984039307,0.17105976124884378,6.973941326141357,20.120368003845215,-0.004451618529856205
314,20250902,US Open Men Singles,quarterfinal,server,Jiri Lehecka,first_serve_pts_win_rate,0.5,0.8444444444444444,0.7106064558029175,-0.13383798864152696,7.2528886795043945,20.63668727874756,-0.0013383799232542515
314,20250902,US Open Men Singles,quarterfinal,server,Jiri Lehecka,second_serve_pts_win_rate,1.0,0.7307692307692307,0.5106064081192017,-0.22016282265002907,7.2528886795043945,29.269165992736816,-0.004403255879878998
314,20250902,US Open Men Singles,quarterfinal,server,Jiri Lehecka,first_serve_in_rate,1.0,0.6338028169014085,0.6732991337776184,0.039496316876209914,7.2528886795043945,4.929575681686401,0.001342874369584024
314,20250902,US Open Men Singles,quarterfinal,server,Jiri Lehecka,ace_rate,0.5,0.07042253521126761,0.0812644436955452,0.010841908484277588,7.2528886795043945,5.0845067501068115,5.420952948043123e-05
321,20250905,US Open Men Singles,semifinal,returner,Novak Djokovic,return_pts_win_rate,1.0,0.29213483146067415,0.3313974142074585,0.03926258274678435,7.511723041534424,10.52611494064331,-0.0010227934690192342
322,20250905,US Open Men Singles,semifinal,server,Novak Djokovic,first_serve_pts_win_rate,0.5,0.84,0.7288409471511841,-0.11115905284881589,7.573276519775391,18.689181327819824,-0.0011115901870653033
322,20250905,US Open Men Singles,semifinal,server,Novak Djokovic,second_serve_pts_win_rate,1.0,0.5384615384615384,0.5288408994674683,-0.009620638994070174,7.573276519775391,8.535336971282959,-0.00019241332483943552
322,20250905,US Open Men Singles,semifinal,server,Novak Djokovic,break_pts_save_rate,0.5,0.0,0.6448118686676025,0.6448118686676025,7.573276519775391,-41.92860221862793,0.008399324491620064
322,20250905,US Open Men Singles,semifinal,server,Novak Djokovic,first_serve_in_rate,1.0,0.5617977528089888,0.6787457466125488,0.11694799380356002,7.573276519775391,0.6939856112003326,0.003976232372224331
322,20250905,US Open Men Singles,semifinal,server,Novak Djokovic,ace_rate,0.5,0.07865168539325842,0.08286638557910919,0.004214700185850767,7.573276519775391,6.730337381362915,2.1073483367217705e-05
325,20250907,US Open Men Singles,final,returner,Jannik Sinner,return_pts_win_rate,1.0,0.2696629213483146,0.3843199610710144,0.1146570397226998,7.052563667297363,15.860474109649658,-0.00298509793356061
326,20250907,US Open Men Singles,final,server,Jannik Sinner,first_serve_pts_win_rate,0.5,0.8333333333333334,0.6790851354598999,-0.15424819787343347,7.19148063659668,22.61630153656006,-0.001542481710202992
326,20250907,US Open Men Singles,final,server,Jannik Sinner,second_serve_pts_win_rate,1.0,0.5714285714285714,0.47908514738082886,-0.09234342404774254,7.19148063659668,16.42582416534424,-0.0018468688940629363
326,20250907,US Open Men Singles,final,server,Jannik Sinner,break_pts_save_rate,0.5,0.0,0.59532630443573,0.59532630443573,7.19148063659668,-38.532846450805664,0.007751091383397579
326,20250907,US Open Men Singles,final,server,Jannik Sinner,first_serve_in_rate,1.0,0.6067415730337079,0.6722551584243774,0.06551358539066954,7.19148063659668,3.337739109992981,0.0022274628281593323
326,20250907,US Open Men Singles,final,server,Jannik Sinner,ace_rate,0.5,0.11235955056179775,0.08095740526914597,-0.031402145292651784,7.19148063659668,13.471909999847412,-0.0001570107415318489
567,20250925,"ATP Tokyo, Japan Men Singles",round_of_32,server,Sebastian Baez,first_serve_pts_win_rate,0.5,0.7209302325581395,0.7615199089050293,0.040589676346889814,6.9092888832092285,2.8503271341323853,0.0004058968916069716
567,20250925,"ATP Tokyo, Japan Men Singles",round_of_32,server,Sebastian Baez,second_serve_pts_win_rate,1.0,0.38461538461538464,0.5615198612213135,0.17690447660592884,6.9092888832092285,-10.781164646148682,0.0035380893386900425
567,20250925,"ATP Tokyo, Japan Men Singles",round_of_32,server,Sebastian Baez,break_pts_save_rate,0.5,0.5,0.6737592220306396,0.17375922203063965,6.9092888832092285,-6.434717416763306,0.002262609777972102
567,20250925,"ATP Tokyo, Japan Men Singles",round_of_32,server,Sebastian Baez,first_serve_in_rate,1.0,0.7678571428571429,0.6674579381942749,-0.100399204662868,6.9092888832092285,12.815125942230225,-0.003413572907447815
567,20250925,"ATP Tokyo, Japan Men Singles",round_of_32,server,Sebastian Baez,ace_rate,0.5,0.05357142857142857,0.07954644411802292,0.02597501554659435,6.9092888832092285,1.7142851948738098,0.00012987507216166705
568,20250925,"ATP Tokyo, Japan Men Singles",round_of_32,returner,Sebastian Baez,return_pts_win_rate,1.0,0.35714285714285715,0.3367542028427124,-0.02038865430014475,6.731515884399414,5.165397882461548,0.0005308642867021263
615,20250927,"ATP Tokyo, Japan Men Singles",round_of_16,server,Zizou Bergs,first_serve_pts_win_rate,0.5,0.6842105263157895,0.752681314945221,0.06847078862943146,6.699206352233887,-0.14787615090608597,0.0006847077165730298
615,20250927,"ATP Tokyo, Japan Men Singles",round_of_16,server,Zizou Bergs,second_serve_pts_win_rate,1.0,0.36363636363636365,0.5526813268661499,0.18904496322978626,6.699206352233887,-12.205292224884033,0.0037808988709002733
615,20250927,"ATP Tokyo, Japan Men Singles",round_of_16,server,Zizou Bergs,break_pts_save_rate,0.5,0.5,0.6643435955047607,0.16434359550476074,6.699206352233887,-5.925175905227661,0.002139416988939047
615,20250927,"ATP Tokyo, Japan Men Singles",round_of_16,server,Zizou Bergs,first_serve_in_rate,1.0,0.6333333333333333,0.663886547088623,0.030553213755289743,6.699206352233887,4.901961088180542,0.0010388095397502184
615,20250927,"ATP Tokyo, Japan Men Singles",round_of_16,server,Zizou Bergs,ace_rate,0.5,0.05,0.07849603146314621,0.028496031463146207,6.699206352233887,0.9999994933605194,0.0001424801448592916
616,20250927,"ATP Tokyo, Japan Men Singles",round_of_16,returner,Zizou Bergs,return_pts_win_rate,1.0,0.43333333333333335,0.33697837591171265,-0.0963549574216207,6.246448993682861,-1.156757891178131,0.002508176025003195
631,20250928,"ATP Tokyo, Japan Men Singles",quarterfinal,server,Brandon Nakashima,first_serve_pts_win_rate,0.5,0.8333333333333334,0.730414628982544,-0.10291870435078943,6.101779460906982,16.39364719390869,-0.0010291867656633258
631,20250928,"ATP Tokyo, Japan Men Singles",quarterfinal,server,Brandon Nakashima,second_serve_pts_win_rate,1.0,0.8,0.5304145812988281,-0.2695854187011719,6.101779460906982,33.060319900512695,-0.005391708575189114
631,20250928,"ATP Tokyo, Japan Men Singles",quarterfinal,server,Brandon Nakashima,first_serve_in_rate,1.0,0.6666666666666666,0.6537302732467651,-0.012936393419901493,6.101779460906982,6.862743616104126,-0.00043983806972391903
631,20250928,"ATP Tokyo, Japan Men Singles",quarterfinal,server,Brandon Nakashima,ace_rate,0.5,0.022222222222222223,0.07550889998674393,0.0532866777645217,6.101779460906982,-4.555556058883667,0.00026643340243026614
632,20250928,"ATP Tokyo, Japan Men Singles",quarterfinal,returner,Brandon Nakashima,return_pts_win_rate,1.0,0.17777777777777778,0.2986299991607666,0.12085222138298882,6.46579122543335,15.752747058868408,-0.003145326627418399
673,20250929,"ATP Tokyo, Japan Men Singles",semifinal,server,Casper Ruud,first_serve_pts_win_rate,0.5,0.7843137254901961,0.6979203820228577,-0.0863933434673384,6.63740348815918,15.276732921600342,-0.0008639335283078253
673,20250929,"ATP Tokyo, Japan Men Singles",semifinal,server,Casper Ruud,second_serve_pts_win_rate,1.0,0.5517241379310345,0.4979203939437866,-0.053803743987247854,6.63740348815918,12.017780780792236,-0.0010760747827589512
673,20250929,"ATP Tokyo, Japan Men Singles",semifinal,server,Casper Ruud,break_pts_save_rate,0.5,0.75,0.6114455461502075,-0.13855445384979248,6.63740348815918,17.28104877471924,-0.001803642138838768
673,20250929,"ATP Tokyo, Japan Men Singles",semifinal,server,Casper Ruud,first_serve_in_rate,1.0,0.6375,0.6628358960151672,0.02533589601516728,6.63740348815918,5.147058725357056,0.0008614209364168346
673,20250929,"ATP Tokyo, Japan Men Singles",semifinal,server,Casper Ruud,ace_rate,0.5,0.1375,0.0781870186328888,-0.05931298136711122,6.63740348815918,18.499999046325684,-0.00029656491824425757
674,20250929,"ATP Tokyo, Japan Men Singles",semifinal,returner,Casper Ruud,return_pts_win_rate,1.0,0.3,0.3442545533180237,0.04425455331802369,6.8160505294799805,10.21480417251587,-0.001152461743913591
717,20250930,"ATP Tokyo, Japan Men Singles",final,server,Taylor Fritz,first_serve_pts_win_rate,0.5,0.775,0.72965407371521,-0.04534592628479006,6.880773544311523,11.41536569595337,-0.0004534590116236359
717,20250930,"ATP Tokyo, Japan Men Singles",final,server,Taylor Fritz,second_serve_pts_win_rate,1.0,0.43478260869565216,0.5296540856361389,0.09487147694048675,6.880773544311523,-2.606375575065613,0.0018974298145622015
717,20250930,"ATP Tokyo, Japan Men Singles",final,server,Taylor Fritz,break_pts_save_rate,0.5,0.6666666666666666,0.6430478096008301,-0.02361885706583655,6.880773544311523,8.694490909576416,-0.00030757393687963486
717,20250930,"ATP Tokyo, Japan Men Singles",final,server,Taylor Fritz,first_serve_in_rate,1.0,0.6349206349206349,0.6669731736183167,0.032052538697681765,6.880773544311523,4.995330095291138,0.0010897855972871184
717,20250930,"ATP Tokyo, Japan Men Singles",final,server,Taylor Fritz,ace_rate,0.5,0.09523809523809523,0.07940386980772018,-0.01583422543037505,6.880773544311523,10.047619342803955,-7.917113543953747e-05
718,20250930,"ATP Tokyo, Japan Men Singles",final,returner,Taylor Fritz,return_pts_win_rate,1.0,0.3492063492063492,0.33295178413391113,-0.016254565072438054,6.755680084228516,5.5074546337127686,0.00042333811870776117
1413,20251028,"ATP Paris, France Men Singles",round_of_32,server,Cameron Norrie,first_serve_pts_win_rate,0.5,0.6379310344827587,0.7755519151687622,0.13762088068600353,6.730996608734131,-7.031092405319214,0.0013762086164206266
1413,20251028,"ATP Paris, France Men Singles",round_of_32,server,Cameron Norrie,second_serve_pts_win_rate,1.0,0.5945945945945946,0.5755518674850464,-0.01904272710954824,6.730996608734131,8.635264873504639,-0.0003808545880019665
1413,20251028,"ATP Paris, France Men Singles",round_of_32,server,Cameron Norrie,break_pts_save_rate,0.5,0.7142857142857143,0.6866533756256104,-0.02763233866010395,6.730996608734131,8.853044986724854,-0.0003598150797188282
1413,20251028,"ATP Paris, France Men Singles",round_of_32,server,Cameron Norrie,first_serve_in_rate,1.0,0.6105263157894737,0.6644269824028015,0.05390066661332782,6.730996608734131,3.56036913394928,0.0018326224526390433
1413,20251028,"ATP Paris, France Men Singles",round_of_32,server,Cameron Norrie,ace_rate,0.5,0.08421052631578947,0.07865498960018158,-0.005555536715607892,6.730996608734131,7.84210467338562,-2.7777701689046808e-05
1414,20251028,"ATP Paris, France Men Singles",round_of_32,returner,Cameron Norrie,return_pts_win_rate,1.0,0.37894736842105264,0.3053295612335205,-0.07361780718753214,6.489979267120361,0.8377450406551361,0.001917676767334342
1627,20251109,ATP World Tour Finals Men Singles,1,server,Alex de Minaur,first_serve_pts_win_rate,0.5,0.625,0.6524962186813354,0.02749621868133545,6.302233695983887,3.552606701850891,0.0002749621926341206
1627,20251109,ATP World Tour Finals Men Singles,1,server,Alex de Minaur,second_serve_pts_win_rate,1.0,0.5833333333333334,0.452496200799942,-0.13083713253339135,6.302233695983887,19.385945320129395,-0.0026167421601712704
1627,20251109,ATP World Tour Finals Men Singles,1,server,Alex de Minaur,break_pts_save_rate,0.5,0.6,0.566710352897644,-0.033289647102355935,6.302233695983887,8.859124660491943,-0.00043341779382899404
1627,20251109,ATP World Tour Finals Men Singles,1,server,Alex de Minaur,first_serve_in_rate,1.0,0.6666666666666666,0.6571379899978638,-0.00952867666880286,6.302233695983887,6.862743616104126,-0.0003239756915718317
1627,20251109,ATP World Tour Finals Men Singles,1,server,Alex de Minaur,ace_rate,0.5,0.06944444444444445,0.07651117444038391,0.007066729995939464,6.302233695983887,4.888888597488403,3.53336326952558e-05
1628,20251109,ATP World Tour Finals Men Singles,1,returner,Alex de Minaur,return_pts_win_rate,1.0,0.3888888888888889,0.38147878646850586,-0.007410102420383036,6.636353492736816,6.0672314167022705,0.00019296121899969876
1635,20251111,ATP World Tour Finals Men Singles,2,server,Taylor Fritz,first_serve_pts_win_rate,0.5,0.7439024390243902,0.7258802056312561,-0.018022233393134135,6.615299701690674,8.41752576828003,-0.00018022238509729505
1635,20251111,ATP World Tour Finals Men Singles,2,server,Taylor Fritz,second_serve_pts_win_rate,1.0,0.5217391304347826,0.5258801579475403,0.004141027512757689,6.615299701690674,6.201195478439331,8.282065391540527e-05
1635,20251111,ATP World Tour Finals Men Singles,2,server,Taylor Fritz,break_pts_save_rate,0.5,0.8888888888888888,0.6383699774742126,-0.2505189114146762,6.615299701690674,25.856913566589355,-0.0032616672106087208
1635,20251111,ATP World Tour Finals Men Singles,2,server,Taylor Fritz,first_serve_in_rate,1.0,0.640625,0.6624600887298584,0.0218350887298584,6.615299701690674,5.33087944984436,0.0007423930801451206
1635,20251111,ATP World Tour Finals Men Singles,2,server,Taylor Fritz,ace_rate,0.5,0.0703125,0.07807649672031403,0.007763996720314026,6.615299701690674,5.0624988079071045,3.881998418364674e-05
1636,20251111,ATP World Tour Finals Men Singles,2,returner,Taylor Fritz,return_pts_win_rate,1.0,0.3359375,0.31705909967422485,-0.018878400325775146,6.8923540115356445,5.443677663803101,0.0004920283681713045
1645,20251113,ATP World Tour Finals Men Singles,3,server,Lorenzo Musetti,first_serve_pts_win_rate,0.5,0.8285714285714286,0.7291978001594543,-0.09937362841197428,6.839477062225342,16.77683925628662,-0.000993736321106553
1645,20251113,ATP World Tour Finals Men Singles,3,server,Lorenzo Musetti,second_serve_pts_win_rate,1.0,0.5625,0.5291977524757385,-0.033302247524261475,6.839477062225342,10.16969633102417,-0.0006660449435003102
1645,20251113,ATP World Tour Finals Men Singles,3,server,Lorenzo Musetti,break_pts_save_rate,0.5,1.0,0.6428794860839844,-0.3571205139160156,6.839477062225342,34.24672889709473,-0.004653332754969597
1645,20251113,ATP World Tour Finals Men Singles,3,server,Lorenzo Musetti,first_serve_in_rate,1.0,0.6862745098039216,0.6662711501121521,-0.020003359691769473,6.839477062225342,8.0161452293396,-0.0006801148992963135
1645,20251113,ATP World Tour Finals Men Singles,3,server,Lorenzo Musetti,ace_rate,0.5,0.0392156862745098,0.07919739186763763,0.03998170559312783,6.839477062225342,-1.1568631529808044,0.00019990852160844952
1646,20251113,ATP World Tour Finals Men Singles,3,returner,Lorenzo Musetti,return_pts_win_rate,1.0,0.2549019607843137,0.2976653575897217,0.04276339680540797,7.491669654846191,10.769421100616455,-0.0011158299166709185
1653,20251115,ATP World Tour Finals Men Singles,semifinal,server,Felix Auger-Aliassime,first_serve_pts_win_rate,0.5,0.8157894736842105,0.7446013689041138,-0.07118810478009674,7.598557472229004,14.717366695404053,-0.0007118809153325856
1653,20251115,ATP World Tour Finals Men Singles,semifinal,server,Felix Auger-Aliassime,second_serve_pts_win_rate,1.0,0.5384615384615384,0.5446014404296875,0.006139901968149064,7.598557472229004,6.984567403793335,0.00012279748625587672
1653,20251115,ATP World Tour Finals Men Singles,semifinal,server,Felix Auger-Aliassime,break_pts_save_rate,0.5,1.0,0.6613495349884033,-0.3386504650115967,7.598557472229004,33.549726486206055,-0.004419227130711079
1653,20251115,ATP World Tour Finals Men Singles,semifinal,server,Felix Auger-Aliassime,first_serve_in_rate,1.0,0.7450980392156863,0.6791754961013794,-0.0659225431143069,7.598557472229004,11.476353168487549,-0.002241367008537054
1653,20251115,ATP World Tour Finals Men Singles,semifinal,server,Felix Auger-Aliassime,ace_rate,0.5,0.09803921568627451,0.0829927921295166,-0.015046423556757907,7.598557472229004,10.607842922210693,-7.523212116211653e-05
1654,20251115,ATP World Tour Finals Men Singles,semifinal,returner,Felix Auger-Aliassime,return_pts_win_rate,1.0,0.2549019607843137,0.2841866612434387,0.029284700459125013,8.229974746704102,10.471889019012451,-0.0007650548941455781
1655,20251116,ATP World Tour Finals Men Singles,final,server,Jannik Sinner,first_serve_pts_win_rate,0.5,0.7346938775510204,0.668827474117279,-0.0658664034337414,8.295893669128418,14.882531642913818,-0.0006586640956811607
1655,20251116,ATP World Tour Finals Men Singles,final,server,Jannik Sinner,second_serve_pts_win_rate,1.0,0.5652173913043478,0.4688275456428528,-0.096389845661495,8.295893669128418,17.934882164001465,-0.0019277965184301138
1655,20251116,ATP World Tour Finals Men Singles,final,server,Jannik Sinner,break_pts_save_rate,0.5,0.0,0.5912973880767822,0.5912973880767822,8.295893669128418,-36.96447944641113,0.0077249156311154366
1655,20251116,ATP World Tour Finals Men Singles,final,server,Jannik Sinner,first_serve_in_rate,1.0,0.6805555555555556,0.6910302042961121,0.01047464874055648,8.295893669128418,7.679736852645874,0.00035613717045634985
1655,20251116,ATP World Tour Finals Men Singles,final,server,Jannik Sinner,ace_rate,0.5,0.06944444444444445,0.08647947013378143,0.017035025689336986,8.295893669128418,4.888888597488403,8.517511014360934e-05
1656,20251116,ATP World Tour Finals Men Singles,final,returner,Jannik Sinner,return_pts_win_rate,1.0,0.3194444444444444,0.39668548107147217,0.07724103662702775,7.840196132659912,13.757997989654541,-0.002016349695622921
2262,20260118,Australian Open Men Singles,round_of_128,server,Adam Walton,first_serve_pts_win_rate,0.5,0.7627118644067796,0.8717091679573059,0.10899730355052628,8.003877639770508,-2.8958531618118286,0.0010899727931246161
2262,20260118,Australian Open Men Singles,round_of_128,server,Adam Walton,second_serve_pts_win_rate,1.0,0.6666666666666666,0.6717091202735901,0.005042453606923458,8.003877639770508,7.499629735946655,0.00010084867244586349
2262,20260118,Australian Open Men Singles,round_of_128,server,Adam Walton,break_pts_save_rate,0.5,0.0,0.7858362793922424,0.7858362793922424,8.003877639770508,-52.18436622619629,0.010260121896862984
2262,20260118,Australian Open Men Singles,round_of_128,server,Adam Walton,first_serve_in_rate,1.0,0.7108433734939759,0.6860659122467041,-0.02477746124727176,8.003877639770508,9.46137285232544,-0.0008424341212958097
2262,20260118,Australian Open Men Singles,round_of_128,server,Adam Walton,ace_rate,0.5,0.0963855421686747,0.08501938730478287,-0.011366154863891836,8.003877639770508,10.277108669281006,-5.683075505658053e-05
2263,20260118,Australian Open Men Singles,round_of_128,returner,Adam Walton,return_pts_win_rate,1.0,0.26506024096385544,0.24318617582321167,-0.021874065140643772,7.058053493499756,5.377816915512085,0.0005695337313227355
2369,20260121,Australian Open Men Singles,round_of_64,server,Yannick Hanfmann,first_serve_pts_win_rate,0.5,0.6901408450704225,0.7335864901542664,0.043445645083843853,7.007003307342529,2.662441372871399,0.00043445645133033395
2369,20260121,Australian Open Men Singles,round_of_64,server,Yannick Hanfmann,second_serve_pts_win_rate,1.0,0.6,0.5335865020751953,-0.06641349792480467,7.007003307342529,13.64835500717163,-0.0013282704167068005
2369,20260121,Australian Open Men Singles,round_of_64,server,Yannick Hanfmann,break_pts_save_rate,0.5,0.8571428571428571,0.6469892263412476,-0.21015363080160954,7.007003307342529,23.151198387145996,-0.0027356299106031656
2369,20260121,Australian Open Men Singles,round_of_64,server,Yannick Hanfmann,first_serve_in_rate,1.0,0.6396396396396397,0.6691190600395203,0.029479420399880607,7.007003307342529,5.272919416427612,0.0010023011127486825
2369,20260121,Australian Open Men Singles,round_of_64,server,Yannick Hanfmann,ace_rate,0.5,0.10810810810810811,0.0800350159406662,-0.028073092167441915,7.007003307342529,12.62162160873413,-0.00014036547509022057
2370,20260121,Australian Open Men Singles,round_of_64,returner,Yannick Hanfmann,return_pts_win_rate,1.0,0.34234234234234234,0.3027260899543762,-0.03961625238796612,7.266171455383301,4.2256386280059814,0.0010323504684492946
2424,20260123,Australian Open Men Singles,round_of_32,server,Corentin Moutet,first_serve_pts_win_rate,0.5,0.7254901960784313,0.7063195109367371,-0.019170685141694288,7.169641017913818,9.086706638336182,-0.00019170700397808105
2424,20260123,Australian Open Men Singles,round_of_32,server,Corentin Moutet,second_serve_pts_win_rate,1.0,0.5238095238095238,0.506319522857666,-0.01749000095185782,7.169641017913818,8.918642520904541,-0.00034980056807398796
2424,20260123,Australian Open Men Singles,round_of_32,server,Corentin Moutet,break_pts_save_rate,0.5,0.5,0.6218318939208984,0.12183189392089844,7.169641017913818,-2.182319760322571,0.001587155507877469
2424,20260123,Australian Open Men Singles,round_of_32,server,Corentin Moutet,first_serve_in_rate,1.0,0.7083333333333334,0.6718839406967163,-0.03644939263661706,7.169641017913818,9.313724040985107,-0.0012392787029966712
2424,20260123,Australian Open Men Singles,round_of_32,server,Corentin Moutet,ace_rate,0.5,0.041666666666666664,0.08084820210933685,0.03918153544267019,7.169641017913818,-0.6666671335697174,0.00019590766169130802
2425,20260123,Australian Open Men Singles,round_of_32,returner,Corentin Moutet,return_pts_win_rate,1.0,0.3333333333333333,0.3430824875831604,0.009749154249827086,7.169421672821045,7.917163133621216,-0.0002542202128097415
2450,20260125,Australian Open Men Singles,round_of_16,server,Tommy Paul,first_serve_pts_win_rate,0.5,0.782608695652174,0.6416466236114502,-0.14096207204072375,7.193919658660889,21.290125846862793,-0.0014096206286922097
2450,20260125,Australian Open Men Singles,round_of_16,server,Tommy Paul,second_serve_pts_win_rate,1.0,0.68,0.44164663553237915,-0.2383533644676209,7.193919658660889,31.029255867004395,-0.004767067264765501
2450,20260125,Australian Open Men Singles,round_of_16,server,Tommy Paul,break_pts_save_rate,0.5,0.5,0.5601415038108826,0.06014150381088257,7.193919658660889,2.5813173055648804,0.0007841564365662634
2450,20260125,Australian Open Men Singles,round_of_16,server,Tommy Paul,first_serve_in_rate,1.0,0.7340425531914894,0.6722966432571411,-0.06174590993434825,7.193919658660889,10.826032161712646,-0.002099360106512904
2450,20260125,Australian Open Men Singles,round_of_16,server,Tommy Paul,ace_rate,0.5,0.02127659574468085,0.08096960186958313,0.059693006124902276,7.193919658660889,-4.744681119918823,0.0002984650491271168
2451,20260125,Australian Open Men Singles,round_of_16,returner,Tommy Paul,return_pts_win_rate,1.0,0.24468085106382978,0.3740403652191162,0.12935951415528643,7.831169605255127,17.74695873260498,-0.003375200554728508
2466,20260127,Australian Open Men Singles,quarterfinal,server,Alex de Minaur,first_serve_pts_win_rate,0.5,0.76,0.6852024793624878,-0.07479752063751222,8.124642372131348,15.604403018951416,-0.0007479750784114003
2466,20260127,Australian Open Men Singles,quarterfinal,server,Alex de Minaur,second_serve_pts_win_rate,1.0,0.5294117647058824,0.4852024018764496,-0.044209362829432775,8.124642372131348,12.545573711395264,-0.0008841878152452409
2466,20260127,Australian Open Men Singles,quarterfinal,server,Alex de Minaur,break_pts_save_rate,0.5,0.7142857142857143,0.6059069633483887,-0.10837875093732563,8.124642372131348,16.428702354431152,-0.001414483180269599
2466,20260127,Australian Open Men Singles,quarterfinal,server,Alex de Minaur,first_serve_in_rate,1.0,0.6024096385542169,0.6881189346313477,0.08570929607713074,8.124642372131348,3.0829187631607056,0.0029141155537217855
2466,20260127,Australian Open Men Singles,quarterfinal,server,Alex de Minaur,ace_rate,0.5,0.060240963855421686,0.08562321215867996,0.025382248303258276,8.124642372131348,3.0481923818588257,0.00012691122537944466
2467,20260127,Australian Open Men Singles,quarterfinal,returner,Alex de Minaur,return_pts_win_rate,1.0,0.3253012048192771,0.3459972143173218,0.020696009498044676,8.12513542175293,9.711705684661865,-0.0005399372312240303
2472,20260130,Australian Open Men Singles,semifinal,server,Alexander Zverev,first_serve_pts_win_rate,0.5,0.7338709677419355,0.7237812280654907,-0.010089739676444776,8.17247200012207,9.181437015533447,-0.00010089754505315796
2472,20260130,Australian Open Men Singles,semifinal,server,Alexander Zverev,second_serve_pts_win_rate,1.0,0.6190476190476191,0.5237812995910645,-0.09526631945655462,8.17247200012207,17.699105262756348,-0.0019053268479183316
2472,20260130,Australian Open Men Singles,semifinal,server,Alexander Zverev,break_pts_save_rate,0.5,0.7142857142857143,0.6429943442344666,-0.07129137005124775,8.17247200012207,13.637338161468506,-0.0009300245437771082
2472,20260130,Australian Open Men Singles,semifinal,server,Alexander Zverev,first_serve_in_rate,1.0,0.6631016042780749,0.6889320611953735,0.025830456917298683,8.17247200012207,6.653033494949341,0.0008782352670095861
2472,20260130,Australian Open Men Singles,semifinal,server,Alexander Zverev,ace_rate,0.5,0.06417112299465241,0.08586236089468002,0.02169123790002761,8.17247200012207,3.834224820137024,0.00010845620272448286
2473,20260130,Australian Open Men Singles,semifinal,returner,Alexander Zverev,return_pts_win_rate,1.0,0.3048128342245989,0.31450438499450684,0.009691550769907908,8.342769622802734,9.085440158843994,-0.0002529412740841508
2476,20260201,Australian Open Men Singles,final,returner,Novak Djokovic,return_pts_win_rate,1.0,0.297029702970297,0.32497555017471313,0.02794584720441612,8.364873886108398,10.506310939788818,-0.0007293897215276957
2927,20260217,"ATP Doha, Qatar Men Singles",round_of_32,server,Arthur Rinderknech,first_serve_pts_win_rate,0.5,0.8518518518518519,0.8600017428398132,0.008149890987961372,8.42866325378418,7.613673448562622,8.149861969286576e-05
2927,20260217,"ATP Doha, Qatar Men Singles",round_of_32,server,Arthur Rinderknech,second_serve_pts_win_rate,1.0,0.4666666666666667,0.6600016951560974,0.19333502848943074,8.42866325378418,-10.904841899871826,0.003866700455546379
2927,20260217,"ATP Doha, Qatar Men Singles",round_of_32,server,Arthur Rinderknech,break_pts_save_rate,0.5,1.0,0.7756485939025879,-0.2243514060974121,8.42866325378418,25.618542671203613,-0.0029280902817845345
2927,20260217,"ATP Doha, Qatar Men Singles",round_of_32,server,Arthur Rinderknech,first_serve_in_rate,1.0,0.782608695652174,0.6932873129844666,-0.0893213826677074,8.42866325378418,13.682863712310791,-0.003036926966160536
2927,20260217,"ATP Doha, Qatar Men Singles",round_of_32,server,Arthur Rinderknech,ace_rate,0.5,0.028985507246376812,0.08714331686496735,0.05815780961859053,8.42866325378418,-3.2028990983963013,0.0002907890302594751
2928,20260217,"ATP Doha, Qatar Men Singles",round_of_32,returner,Arthur Rinderknech,return_pts_win_rate,1.0,0.2318840579710145,0.21084296703338623,-0.021041090937628265,8.61945629119873,7.008564233779907,0.0005496670491993427
2981,20260218,"ATP Doha, Qatar Men Singles",round_of_16,server,Valentin Royer,first_serve_pts_win_rate,0.5,0.6607142857142857,0.7452880144119263,0.08457372869764057,8.558712005615234,0.10134876891970634,0.0008457374642603099
2981,20260218,"ATP Doha, Qatar Men Singles",round_of_16,server,Valentin Royer,second_serve_pts_win_rate,1.0,0.6153846153846154,0.5452879667282104,-0.07009664865640497,8.558712005615234,15.568382740020752,-0.0014019333757460117
2981,20260218,"ATP Doha, Qatar Men Singles",round_of_16,server,Valentin Royer,break_pts_save_rate,0.5,0.8,0.6658622026443481,-0.1341377973556519,8.558712005615234,18.8294038772583,-0.001751875039190054
2981,20260218,"ATP Doha, Qatar Men Singles",round_of_16,server,Valentin Royer,first_serve_in_rate,1.0,0.8115942028985508,0.6954981088638306,-0.11609609403472021,8.558712005615234,15.387893199920654,-0.003947266843169928
2981,20260218,"ATP Doha, Qatar Men Singles",round_of_16,server,Valentin Royer,ace_rate,0.5,0.057971014492753624,0.08779355883598328,0.029822544343229652,8.558712005615234,2.594202399253845,0.00014911271864548326
2982,20260218,"ATP Doha, Qatar Men Singles",round_of_16,returner,Valentin Royer,return_pts_win_rate,1.0,0.34782608695652173,0.2822287082672119,-0.06559737868930982,9.191425323486328,4.170552015304565,0.0017140523996204138
3001,20260219,"ATP Doha, Qatar Men Singles",quarterfinal,server,Karen Khachanov,first_serve_pts_win_rate,0.5,0.765625,0.777904748916626,0.012279748916625977,9.01489543914795,7.786915063858032,0.00012279748625587672
3001,20260219,"ATP Doha, Qatar Men Singles",quarterfinal,server,Karen Khachanov,second_serve_pts_win_rate,1.0,0.6666666666666666,0.5779047012329102,-0.08876196543375647,9.01489543914795,17.891091346740723,-0.0017752397106960416
3001,20260219,"ATP Doha, Qatar Men Singles",quarterfinal,server,Karen Khachanov,break_pts_save_rate,0.5,1.0,0.6989517211914062,-0.30104827880859375,9.01489543914795,32.0646915435791,-0.003931925632059574
3001,20260219,"ATP Doha, Qatar Men Singles",quarterfinal,server,Karen Khachanov,first_serve_in_rate,1.0,0.7032967032967034,0.7032532691955566,-4.343410114671098e-05,9.01489543914795,9.017451763153076,-1.4773607972529135e-06
3001,20260219,"ATP Doha, Qatar Men Singles",quarterfinal,server,Karen Khachanov,ace_rate,0.5,0.08791208791208792,0.09007447957992554,0.002162391667837618,9.01489543914795,8.582417011260986,1.0811946594913024e-05
3002,20260219,"ATP Doha, Qatar Men Singles",quarterfinal,returner,Karen Khachanov,return_pts_win_rate,1.0,0.26373626373626374,0.24311524629592896,-0.020621017440334788,9.557689666748047,7.980146646499634,0.0005391029990278184
3019,20260220,"ATP Doha, Qatar Men Singles",semifinal,server,Andrey Rublev,first_serve_pts_win_rate,0.5,0.6153846153846154,0.7164475917816162,0.10106297639700079,9.505204200744629,-0.6010919511318207,0.0010106294648721814
3019,20260220,"ATP Doha, Qatar Men Singles",semifinal,server,Andrey Rublev,second_serve_pts_win_rate,1.0,0.4838709677419355,0.5164475440979004,0.03257657635596489,9.505204200744629,6.247544050216675,0.0006515317945741117
3019,20260220,"ATP Doha, Qatar Men Singles",semifinal,server,Andrey Rublev,break_pts_save_rate,0.5,0.7272727272727273,0.6417383551597595,-0.08553437211296777,9.505204200744629,16.049376487731934,-0.0011179608991369605
3019,20260220,"ATP Doha, Qatar Men Singles",semifinal,server,Andrey Rublev,first_serve_in_rate,1.0,0.6770833333333334,0.7115885019302368,0.034505168596903446,9.505204200744629,7.475489377975464,0.001173176453448832
3019,20260220,"ATP Doha, Qatar Men Singles",semifinal,server,Andrey Rublev,ace_rate,0.5,0.03125,0.09252601861953735,0.061276018619537354,9.505204200744629,-2.7500005960464478,0.00030638009775429964
3020,20260220,"ATP Doha, Qatar Men Singles",semifinal,returner,Andrey Rublev,return_pts_win_rate,1.0,0.4270833333333333,0.32620614767074585,-0.10087718566258747,9.308039665222168,1.5922399163246155,0.0026377569884061813
3067,20260221,"ATP Doha, Qatar Men Singles",final,server,Arthur Fils,first_serve_pts_win_rate,0.5,0.8888888888888888,0.7574506402015686,-0.13143824868732024,9.054422378540039,22.19823932647705,-0.0013143825344741344
3067,20260221,"ATP Doha, Qatar Men Singles",final,server,Arthur Fils,second_serve_pts_win_rate,1.0,0.6666666666666666,0.5574507117271423,-0.1092159549395243,9.054422378540039,19.976019859313965,-0.002184319542720914
3067,20260221,"ATP Doha, Qatar Men Singles",final,server,Arthur Fils,first_serve_in_rate,1.0,0.8181818181818182,0.7039251923561096,-0.11425662582570861,9.054422378540039,15.775399684906006,-0.003884725272655487
3067,20260221,"ATP Doha, Qatar Men Singles",final,server,Arthur Fils,ace_rate,0.5,0.15151515151515152,0.09027211368083954,-0.06124303783431198,9.054422378540039,21.30302906036377,-0.0003062151954509318
3068,20260221,"ATP Doha, Qatar Men Singles",final,returner,Arthur Fils,return_pts_win_rate,1.0,0.15151515151515152,0.2557060718536377,0.10419092033848618,9.734719276428223,17.707297325134277,-0.0027232717256993055
3489,20260308,"ATP Indian Wells, USA Men Singles",round_of_64,server,Grigor Dimitrov,first_serve_pts_win_rate,0.5,0.7714285714285715,0.8377594351768494,0.0663308637482779,9.972886085510254,3.339800477027893,0.0006633084849454463
3489,20260308,"ATP Indian Wells, USA Men Singles",round_of_64,server,Grigor Dimitrov,second_serve_pts_win_rate,1.0,0.7142857142857143,0.6377593874931335,-0.07652632679258076,9.972886085510254,17.62551784515381,-0.0015305267879739404
3489,20260308,"ATP Indian Wells, USA Men Singles",round_of_64,server,Grigor Dimitrov,break_pts_save_rate,0.5,1.0,0.7609736919403076,-0.23902630805969238,9.972886085510254,28.25330638885498,-0.0031253951601684093
3489,20260308,"ATP Indian Wells, USA Men Singles",round_of_64,server,Grigor Dimitrov,first_serve_in_rate,1.0,0.7142857142857143,0.7195391058921814,0.005253391606467095,9.972886085510254,9.663862705230713,0.000178614747710526
3489,20260308,"ATP Indian Wells, USA Men Singles",round_of_64,server,Grigor Dimitrov,ace_rate,0.5,0.12244897959183673,0.09486442804336548,-0.027584551548471253,9.972886085510254,15.489795207977295,-0.00013792276149615645
3490,20260308,"ATP Indian Wells, USA Men Singles",round_of_64,returner,Grigor Dimitrov,return_pts_win_rate,1.0,0.24489795918367346,0.1907644271850586,-0.05413353199861487,10.387541770935059,6.250399827957153,0.0014166487380862236
3531,20260310,"ATP Indian Wells, USA Men Singles",round_of_32,server,Arthur Rinderknech,first_serve_pts_win_rate,0.5,0.7846153846153846,0.8699944019317627,0.08537901731637809,10.239497184753418,1.7015963196754456,0.0008537900284864008
3531,20260310,"ATP Indian Wells, USA Men Singles",round_of_32,server,Arthur Rinderknech,second_serve_pts_win_rate,1.0,0.5238095238095238,0.6699943542480469,0.14618483043852304,10.239497184753418,-4.378985166549683,0.002923696069046855
3531,20260310,"ATP Indian Wells, USA Men Singles",round_of_32,server,Arthur Rinderknech,break_pts_save_rate,0.5,0.6666666666666666,0.7933663725852966,0.12669970591863,10.239497184753418,0.5529537498950958,0.001657227287068963
3531,20260310,"ATP Indian Wells, USA Men Singles",round_of_32,server,Arthur Rinderknech,first_serve_in_rate,1.0,0.7558139534883721,0.7240715026855469,-0.03174245080282523,10.239497184753418,12.106699466705322,-0.0010792434914037585
3531,20260310,"ATP Indian Wells, USA Men Singles",round_of_32,server,Arthur Rinderknech,ace_rate,0.5,0.03488372093023256,0.09619748592376709,0.06131376499353453,10.239497184753418,-2.0232564210891724,0.0003065688069909811
3532,20260310,"ATP Indian Wells, USA Men Singles",round_of_32,returner,Arthur Rinderknech,return_pts_win_rate,1.0,0.27906976744186046,0.21357417106628418,-0.06549559637557628,9.765482902526855,4.755780458450317,0.0017125463346019387
3547,20260311,"ATP Indian Wells, USA Men Singles",round_of_16,server,Casper Ruud,first_serve_pts_win_rate,0.5,0.8787878787878788,0.8020928502082825,-0.07669502857959631,9.5923490524292,17.261853218078613,-0.0007669502520002425
3547,20260311,"ATP Indian Wells, USA Men Singles",round_of_16,server,Casper Ruud,second_serve_pts_win_rate,1.0,0.6666666666666666,0.6020928621292114,-0.0645738045374552,9.5923490524292,16.049731254577637,-0.001291476422920823
3547,20260311,"ATP Indian Wells, USA Men Singles",round_of_16,server,Casper Ruud,first_serve_in_rate,1.0,0.6875,0.7130699753761292,0.02556997537612915,9.5923490524292,8.088231563568115,0.0008693792042322457
3547,20260311,"ATP Indian Wells, USA Men Singles",round_of_16,server,Casper Ruud,ace_rate,0.5,0.14583333333333334,0.09296174347400665,-0.05287158985932669,9.5923490524292,20.166666984558105,-0.0002643579209689051
3548,20260311,"ATP Indian Wells, USA Men Singles",round_of_16,returner,Casper Ruud,return_pts_win_rate,1.0,0.1875,0.2268243432044983,0.03932434320449829,9.739760398864746,12.748554706573486,-0.0010279219131916761
3557,20260313,"ATP Indian Wells, USA Men Singles",quarterfinal,server,Cameron Norrie,first_serve_pts_win_rate,0.5,0.7209302325581395,0.7777252197265625,0.05679498716842302,9.84383773803711,4.16434121131897,0.0005679500172846019
3557,20260313,"ATP Indian Wells, USA Men Singles",quarterfinal,server,Cameron Norrie,second_serve_pts_win_rate,1.0,0.42857142857142855,0.5777251720428467,0.14915374347141813,9.84383773803711,-5.071543455123901,0.0029830746352672577
3557,20260313,"ATP Indian Wells, USA Men Singles",quarterfinal,server,Cameron Norrie,break_pts_save_rate,0.5,0.6666666666666666,0.7023101449012756,0.035643478234609005,9.84383773803711,7.11737322807312,0.00046597159234806895
3557,20260313,"ATP Indian Wells, USA Men Singles",quarterfinal,server,Cameron Norrie,first_serve_in_rate,1.0,0.7543859649122807,0.7173452377319336,-0.03704072718034712,9.84383773803711,12.022703647613525,-0.001259384211152792
3557,20260313,"ATP Indian Wells, USA Men Singles",quarterfinal,server,Cameron Norrie,ace_rate,0.5,0.03508771929824561,0.09421919286251068,0.05913147356426507,9.84383773803711,-1.9824569821357727,0.00029565737349912524
3558,20260313,"ATP Indian Wells, USA Men Singles",quarterfinal,returner,Cameron Norrie,return_pts_win_rate,1.0,0.3508771929824561,0.28149884939193726,-0.06937834359051887,9.539246559143066,4.2325732707977295,0.0018140766769647598
3561,20260314,"ATP Indian Wells, USA Men Singles",semifinal,server,Daniil Medvedev,first_serve_pts_win_rate,0.5,0.7073170731707317,0.6791037321090698,-0.028213341061661845,9.359392166137695,12.180724620819092,-0.00028213320183567703
3561,20260314,"ATP Indian Wells, USA Men Singles",semifinal,server,Daniil Medvedev,second_serve_pts_win_rate,1.0,0.5238095238095238,0.4791037142276764,-0.044705809581847444,9.359392166137695,13.829969882965088,-0.0008941167616285384
3561,20260314,"ATP Indian Wells, USA Men Singles",semifinal,server,Daniil Medvedev,break_pts_save_rate,0.5,0.0,0.6050406694412231,0.6050406694412231,9.359392166137695,-36.93844413757324,0.007906939834356308
3561,20260314,"ATP Indian Wells, USA Men Singles",semifinal,server,Daniil Medvedev,first_serve_in_rate,1.0,0.6612903225806451,0.7091096639633179,0.04781934138267274,9.359392166137695,6.546488523483276,0.001625856850296259
3561,20260314,"ATP Indian Wells, USA Men Singles",semifinal,server,Daniil Medvedev,ace_rate,0.5,0.03225806451612903,0.09179696440696716,0.05953889989083813,9.359392166137695,-2.5483871698379517,0.0002976944961119443
3562,20260314,"ATP Indian Wells, USA Men Singles",semifinal,returner,Daniil Medvedev,return_pts_win_rate,1.0,0.3548387096774194,0.3980723023414612,0.04323359266404181,8.60686206817627,11.919713497161865,-0.001128421281464398
3717,20260321,"ATP Miami, USA Men Singles",round_of_64,server,Joao Fonseca,first_serve_pts_win_rate,0.5,0.7954545454545454,0.7409406304359436,-0.05451391501860181,8.704840660095215,14.156232357025146,-0.0005451393080875278
3717,20260321,"ATP Miami, USA Men Singles",round_of_64,server,Joao Fonseca,second_serve_pts_win_rate,1.0,0.5263157894736842,0.5409405827522278,0.014624793278543602,8.704840660095215,7.242357492446899,0.0002924954751506448
3717,20260321,"ATP Miami, USA Men Singles",round_of_64,server,Joao Fonseca,break_pts_save_rate,0.5,1.0,0.661751389503479,-0.338248610496521,8.704840660095215,34.618879318237305,-0.004415065515786409
3717,20260321,"ATP Miami, USA Men Singles",round_of_64,server,Joao Fonseca,first_serve_in_rate,1.0,0.6984126984126984,0.6979823112487793,-0.00043038716391907705,8.704840660095215,8.730157375335693,-1.4633775208494626e-05
3717,20260321,"ATP Miami, USA Men Singles",round_of_64,server,Joao Fonseca,ace_rate,0.5,0.12698412698412698,0.08852420747280121,-0.03845991951132577,8.704840660095215,16.39682674407959,-0.0001922996307257563
3718,20260321,"ATP Miami, USA Men Singles",round_of_64,returner,Joao Fonseca,return_pts_win_rate,1.0,0.2857142857142857,0.2833860516548157,-0.0023282340594700246,9.14462947845459,8.966400623321533,6.082859181333333e-05
3771,20260322,"ATP Miami, USA Men Singles",round_of_32,server,Sebastian Korda,first_serve_pts_win_rate,0.5,0.703125,0.7058179378509521,0.0026929378509521484,9.139139175415039,8.8698410987854,2.6929377781925723e-05
3771,20260322,"ATP Miami, USA Men Singles",round_of_32,server,Sebastian Korda,second_serve_pts_win_rate,1.0,0.43333333333333335,0.5058178901672363,0.07248455683390298,9.139139175415039,1.890681803226471,0.0014496910152956843
3771,20260322,"ATP Miami, USA Men Singles",round_of_32,server,Sebastian Korda,break_pts_save_rate,0.5,0.4,0.6298449635505676,0.2298449635505676,9.139139175415039,-8.455969333648682,0.003002464771270752
3771,20260322,"ATP Miami, USA Men Singles",round_of_32,server,Sebastian Korda,first_serve_in_rate,1.0,0.6808510638297872,0.7053654193878174,0.024514355558030165,9.139139175415039,7.697120428085327,0.0008334888843819499
3771,20260322,"ATP Miami, USA Men Singles",round_of_32,server,Sebastian Korda,ace_rate,0.5,0.02127659574468085,0.09069569408893585,0.069419098344255,9.139139175415039,-4.744681119918823,0.0003470954834483564
3772,20260322,"ATP Miami, USA Men Singles",round_of_32,returner,Sebastian Korda,return_pts_win_rate,1.0,0.3829787234042553,0.3664488196372986,-0.016529903766956733,8.641525268554688,7.375526189804077,0.0004316558479331434
4147,20260407,"ATP Monte Carlo, Monaco Men Singles",round_of_32,server,Sebastian Baez,first_serve_pts_win_rate,0.5,0.8333333333333334,0.7426470518112183,-0.09068628152211511,8.603564262390137,17.67219638824463,-0.0009068626095540822
4147,20260407,"ATP Monte Carlo, Monaco Men Singles",round_of_32,server,Sebastian Baez,second_serve_pts_win_rate,1.0,0.4,0.5426470041275024,0.14264700412750242,8.603564262390137,-5.661134958267212,0.0028529400005936623
4147,20260407,"ATP Monte Carlo, Monaco Men Singles",round_of_32,server,Sebastian Baez,break_pts_save_rate,0.5,0.0,0.6632173657417297,0.6632173657417297,8.603564262390137,-42.19538688659668,0.008658786304295063
4147,20260407,"ATP Monte Carlo, Monaco Men Singles",round_of_32,server,Sebastian Baez,first_serve_in_rate,1.0,0.6666666666666666,0.6962606310844421,0.02959396441777551,8.603564262390137,6.862743616104126,0.001006194157525897
4147,20260407,"ATP Monte Carlo, Monaco Men Singles",round_of_32,server,Sebastian Baez,ace_rate,0.5,0.13333333333333333,0.08801782131195068,-0.04531551202138265,8.603564262390137,17.666666984558105,-0.0002265775838168338
4148,20260407,"ATP Monte Carlo, Monaco Men Singles",round_of_32,returner,Sebastian Baez,return_pts_win_rate,1.0,0.3111111111111111,0.3507267236709595,0.03961561255984836,7.644406795501709,10.68527364730835,-0.0010322030866518617
4193,20260409,"ATP Monte Carlo, Monaco Men Singles",round_of_16,server,Tomas Martin Etcheverry,first_serve_pts_win_rate,0.5,0.6557377049180327,0.7586718201637268,0.10293411524569407,7.731281757354736,-2.5621267557144165,0.0010293412487953901
4193,20260409,"ATP Monte Carlo, Monaco Men Singles",round_of_16,server,Tomas Martin Etcheverry,second_serve_pts_win_rate,1.0,0.5714285714285714,0.558671772480011,-0.01275679894856041,7.731281757354736,9.006959438323975,-0.00025513648870401084
4193,20260409,"ATP Monte Carlo, Monaco Men Singles",round_of_16,server,Tomas Martin Etcheverry,break_pts_save_rate,0.5,0.6,0.6743072271347046,0.07430722713470461,7.731281757354736,2.0286589860916138,0.0009682492818683386
4193,20260409,"ATP Monte Carlo, Monaco Men Singles",round_of_16,server,Tomas Martin Etcheverry,first_serve_in_rate,1.0,0.6853932584269663,0.6814318299293518,-0.003961428497614494,7.731281757354736,7.964307546615601,-0.00013468909310176969
4193,20260409,"ATP Monte Carlo, Monaco Men Singles",round_of_16,server,Tomas Martin Etcheverry,ace_rate,0.5,0.056179775280898875,0.08365640789270401,0.027476632611805135,7.731281757354736,2.2359546422958374,0.00013738314737565815
4194,20260409,"ATP Monte Carlo, Monaco Men Singles",round_of_16,returner,Tomas Martin Etcheverry,return_pts_win_rate,1.0,0.3707865168539326,0.30230361223220825,-0.06848290462172435,7.581689357757568,2.325093626976013,0.0017843903042376041
4203,20260410,"ATP Monte Carlo, Monaco Men Singles",quarterfinal,server,Alexander Bublik,first_serve_pts_win_rate,0.5,0.6538461538461539,0.7404558062553406,0.08660965240918672,7.429378032684326,-1.2315898537635803,0.0008660965831950307
4203,20260410,"ATP Monte Carlo, Monaco Men Singles",quarterfinal,server,Alexander Bublik,second_serve_pts_win_rate,1.0,0.6111111111111112,0.5404557585716248,-0.0706553525394864,7.429378032684326,14.494914531707764,-0.001413106918334961
4203,20260410,"ATP Monte Carlo, Monaco Men Singles",quarterfinal,server,Alexander Bublik,break_pts_save_rate,0.5,1.0,0.6553367376327515,-0.34466326236724854,7.429378032684326,33.89524269104004,-0.004488526377826929
4203,20260410,"ATP Monte Carlo, Monaco Men Singles",quarterfinal,server,Alexander Bublik,first_serve_in_rate,1.0,0.5909090909090909,0.6762994527816772,0.0853903618725863,7.429378032684326,2.4064162969589233,0.002903273329138756
4203,20260410,"ATP Monte Carlo, Monaco Men Singles",quarterfinal,server,Alexander Bublik,ace_rate,0.5,0.06818181818181818,0.08214689046144485,0.013965072279626678,7.429378032684326,4.63636326789856,6.982534978305921e-05
4204,20260410,"ATP Monte Carlo, Monaco Men Singles",quarterfinal,returner,Alexander Bublik,return_pts_win_rate,1.0,0.36363636363636365,0.2833492159843445,-0.08028714765201916,7.605116844177246,1.4453440308570862,0.0020929407328367233
4241,20260411,"ATP Monte Carlo, Monaco Men Singles",semifinal,server,Valentin Vacherot,first_serve_pts_win_rate,0.5,0.8064516129032258,0.7369735836982727,-0.06947802920495305,7.427830696105957,14.375629901885986,-0.0006947803194634616
4241,20260411,"ATP Monte Carlo, Monaco Men Singles",semifinal,server,Valentin Vacherot,second_serve_pts_win_rate,1.0,0.6,0.5369735956192017,-0.06302640438079832,7.427830696105957,13.730473041534424,-0.0012605285737663507
4241,20260411,"ATP Monte Carlo, Monaco Men Singles",semifinal,server,Valentin Vacherot,break_pts_save_rate,0.5,0.0,0.6522602438926697,0.6522602438926697,7.427830696105957,-42.63766670227051,0.008497736416757107
4241,20260411,"ATP Monte Carlo, Monaco Men Singles",semifinal,server,Valentin Vacherot,first_serve_in_rate,1.0,0.6078431372549019,0.6762731075286865,0.06842997027378461,7.427830696105957,3.4025360345840454,0.0023266184143722057
4241,20260411,"ATP Monte Carlo, Monaco Men Singles",semifinal,server,Valentin Vacherot,ace_rate,0.5,0.058823529411764705,0.08213914930820465,0.023315619896439946,7.427830696105957,2.7647053003311157,0.00011657809227472171
4242,20260411,"ATP Monte Carlo, Monaco Men Singles",semifinal,returner,Valentin Vacherot,return_pts_win_rate,1.0,0.27450980392156865,0.34959959983825684,0.07508979591668818,6.732497215270996,12.50624704360962,-0.001953140599653125
4271,20260412,"ATP Monte Carlo, Monaco Men Singles",final,server,Jannik Sinner,first_serve_pts_win_rate,0.5,0.5740740740740741,0.6277080774307251,0.05363400335665103,6.883017063140869,1.51961749792099,0.0005363398813642561
4271,20260412,"ATP Monte Carlo, Monaco Men Singles",final,server,Jannik Sinner,second_serve_pts_win_rate,1.0,0.5789473684210527,0.4277080297470093,-0.15123933867404338,6.883017063140869,22.006953239440918,-0.0030247867107391357
4271,20260412,"ATP Monte Carlo, Monaco Men Singles",final,server,Jannik Sinner,break_pts_save_rate,0.5,0.7777777777777778,0.544419527053833,-0.23335825072394478,6.883017063140869,24.820176124572754,-0.0030359355732798576
4271,20260412,"ATP Monte Carlo, Monaco Men Singles",final,server,Jannik Sinner,first_serve_in_rate,1.0,0.5869565217391305,0.6670113205909729,0.08005479885184241,6.883017063140869,2.1739128828048706,0.0027218640316277742
4271,20260412,"ATP Monte Carlo, Monaco Men Singles",final,server,Jannik Sinner,ace_rate,0.5,0.03260869565217391,0.07941508293151855,0.04680638727934464,6.883017063140869,-2.47826087474823,0.00023403193335980177
4272,20260412,"ATP Monte Carlo, Monaco Men Singles",final,returner,Jannik Sinner,return_pts_win_rate,1.0,0.42391304347826086,0.40235990285873413,-0.021553140619526734,7.082268714904785,5.4260923862457275,0.0005609758663922548
4327,20260414,"ATP Barcelona, Spain Men Singles",round_of_32,server,Otto Virtanen,first_serve_pts_win_rate,0.5,0.6444444444444445,0.782159686088562,0.13771524164411753,7.038745403289795,-6.732783079147339,0.001377152162604034
4327,20260414,"ATP Barcelona, Spain Men Singles",round_of_32,server,Otto Virtanen,second_serve_pts_win_rate,1.0,0.5454545454545454,0.582159698009491,0.03670515255494555,7.038745403289795,3.368229031562805,0.0007341027376241982
4327,20260414,"ATP Barcelona, Spain Men Singles",round_of_32,server,Otto Virtanen,break_pts_save_rate,0.5,0.8333333333333334,0.6935420036315918,-0.13979132970174157,7.038745403289795,17.78146266937256,-0.0018190566916018724
4327,20260414,"ATP Barcelona, Spain Men Singles",round_of_32,server,Otto Virtanen,first_serve_in_rate,1.0,0.6716417910447762,0.6696586608886719,-0.0019831301561042958,7.038745403289795,7.155398607254028,-6.742561527062207e-05
4327,20260414,"ATP Barcelona, Spain Men Singles",round_of_32,server,Otto Virtanen,ace_rate,0.5,0.0,0.08019372820854187,0.08019372820854187,7.038745403289795,-9.000000476837158,0.0004009686235804111
4328,20260414,"ATP Barcelona, Spain Men Singles",round_of_32,returner,Otto Virtanen,return_pts_win_rate,1.0,0.3880597014925373,0.2787172794342041,-0.10934242205833322,6.98884916305542,-1.4112547039985657,0.0028465762734413147
